{
	"credit": "Made by betaklerik with Blockbench",
	"texture_size": [64, 48],
	"textures": {
		"texture": "item/diamond/standing_mirrors/acacia_standing_mirror"
	},
	"elements": [
		{
			"name": "mirror",
			"from": [1.5, 1, 11],
			"to": [14.5, 31, 13],
			"rotation": {"angle": 0, "axis": "y", "origin": [0, 0, 16]},
			"faces": {
				"north": {"uv": [3.75, 0.66667, 0.5, 10.66667], "texture": "#texture"},
				"east": {"uv": [4.25, 0.66667, 3.75, 10.66667], "texture": "#texture"},
				"south": {"uv": [7.5, 0.66667, 4.25, 10.66667], "texture": "#texture"},
				"west": {"uv": [0.5, 0.66667, 0, 10.66667], "texture": "#texture"},
				"up": {"uv": [0.5, 0.66667, 3.75, 0], "texture": "#texture"},
				"down": {"uv": [3.75, 0.66667, 7, 0], "texture": "#texture"}
			}
		},
		{
			"name": "rL",
			"from": [15, 2, 11],
			"to": [16, 17, 13],
			"rotation": {"angle": 0, "axis": "y", "origin": [0, 0, 16]},
			"faces": {
				"north": {"uv": [10, 2.66667, 9.75, 7.66667], "texture": "#texture"},
				"east": {"uv": [11.25, 2.66667, 10.75, 7.66667], "texture": "#texture"},
				"south": {"uv": [12.25, 2.66667, 12, 7.66667], "texture": "#texture"},
				"west": {"uv": [9, 2.66667, 8.5, 7.66667], "texture": "#texture"},
				"up": {"uv": [9.75, 2.66667, 10, 2], "texture": "#texture"}
			}
		},
		{
			"name": "lL",
			"from": [0, 2, 11],
			"to": [1, 17, 13],
			"rotation": {"angle": 0, "axis": "y", "origin": [0, 0, 16]},
			"faces": {
				"north": {"uv": [10, 2.66667, 9.75, 7.66667], "texture": "#texture"},
				"east": {"uv": [11.25, 2.66667, 10.75, 7.66667], "texture": "#texture"},
				"south": {"uv": [12.25, 2.66667, 12, 7.66667], "texture": "#texture"},
				"west": {"uv": [9, 2.66667, 8.5, 7.66667], "texture": "#texture"},
				"up": {"uv": [9.75, 2.66667, 10, 2], "texture": "#texture"}
			}
		},
		{
			"name": "rF",
			"from": [15, 0, 8],
			"to": [16, 2, 16],
			"rotation": {"angle": 0, "axis": "y", "origin": [0, 0, 16]},
			"faces": {
				"north": {"uv": [10, 7.66667, 9.75, 8.33333], "texture": "#texture"},
				"east": {"uv": [12, 7.66667, 10, 8.33333], "texture": "#texture"},
				"south": {"uv": [12.25, 7.66667, 12, 8.33333], "texture": "#texture"},
				"west": {"uv": [9.75, 7.66667, 7.75, 8.33333], "texture": "#texture"},
				"up": {"uv": [9.75, 2.66667, 10, 0], "texture": "#texture"},
				"down": {"uv": [9.75, 2.66667, 10, 0], "texture": "#texture"}
			}
		},
		{
			"name": "lF",
			"from": [0, 0, 8],
			"to": [1, 2, 16],
			"rotation": {"angle": 0, "axis": "y", "origin": [0, 0, 16]},
			"faces": {
				"north": {"uv": [10, 7.66667, 9.75, 8.33333], "texture": "#texture"},
				"east": {"uv": [12, 7.66667, 10, 8.33333], "texture": "#texture"},
				"south": {"uv": [12.25, 7.66667, 12, 8.33333], "texture": "#texture"},
				"west": {"uv": [9.75, 7.66667, 7.75, 8.33333], "texture": "#texture"},
				"up": {"uv": [9.75, 2.66667, 10, 0], "texture": "#texture"},
				"down": {"uv": [9.75, 2.66667, 10, 0], "texture": "#texture"}
			}
		},
		{
			"name": "bar",
			"from": [-0.5, 15.5, 11.5],
			"to": [16.5, 16.5, 12.5],
			"rotation": {"angle": 0, "axis": "y", "origin": [0, 0, 16]},
			"faces": {
				"north": {"uv": [12, 8.66667, 7.75, 9], "texture": "#texture"},
				"east": {"uv": [12, 8.66667, 11.75, 9], "texture": "#texture"},
				"south": {"uv": [12, 8.66667, 7.75, 9], "texture": "#texture"},
				"west": {"uv": [8, 8.66667, 7.75, 9], "texture": "#texture"},
				"up": {"uv": [7.75, 9, 12, 8.66667], "texture": "#texture"},
				"down": {"uv": [7.75, 9, 12, 8.66667], "texture": "#texture"}
			}
		}
	],
	"gui_light": "front",
	"display": {
		"thirdperson_righthand": {
			"rotation": [35, -45, 0],
			"translation": [-1.5, -1.5, 0],
			"scale": [0.5, 0.5, 0.5]
		},
		"thirdperson_lefthand": {
			"rotation": [35, -45, 0],
			"translation": [-1.5, -1.5, 0],
			"scale": [0.5, 0.5, 0.5]
		},
		"firstperson_righthand": {
			"rotation": [0, -45, 0],
			"scale": [0.75, 0.75, 0.75]
		},
		"firstperson_lefthand": {
			"rotation": [0, -45, 0],
			"scale": [0.75, 0.75, 0.75]
		},
		"ground": {
			"translation": [0, 2, 0],
			"scale": [0.5, 0.5, 0.5]
		},
		"gui": {
			"rotation": [30, -45, 0],
			"translation": [-1.5, -3.25, 0],
			"scale": [0.45, 0.45, 0.45]
		},
		"head": {
			"rotation": [0, 180, 0]
		},
		"fixed": {
			"rotation": [-90, 0, 0],
			"translation": [0, 8, -15.98],
			"scale": [2, 2, 2]
		}
	}
}