{
	"credit": "Made by betaklerik with Blockbench",
	"texture_size": [32, 32],
	"textures": {
		"texture": "item/diamond/computers/monitors/black_monitor"
	},
	"elements": [
		{
			"name": "screen",
			"from": [0, 2, 10],
			"to": [16, 14, 11],
			"rotation": {"angle": 0, "axis": "y", "origin": [0, 0, 16]},
			"faces": {
				"north": {"uv": [5.33333, 0, 0, 6], "texture": "#texture"},
				"east": {"uv": [5.33333, 0, 5, 6], "texture": "#texture"},
				"south": {"uv": [11, 0, 5.66667, 6], "texture": "#texture"},
				"west": {"uv": [0.33333, 0, 0, 6], "texture": "#texture"},
				"up": {"uv": [0, 0.5, 5.33333, 0], "texture": "#texture"},
				"down": {"uv": [11, 6, 5.66667, 5.5], "texture": "#texture"}
			}
		},
		{
			"name": "base",
			"from": [5, 0, 9],
			"to": [11, 1, 15],
			"rotation": {"angle": 0, "axis": "y", "origin": [0, 0, 16]},
			"faces": {
				"north": {"uv": [2, 9, 0, 9.5], "texture": "#texture"},
				"east": {"uv": [1.66667, 9.5, 2, 6.5], "rotation": 90, "texture": "#texture"},
				"south": {"uv": [0, 6.5, 2, 7], "texture": "#texture"},
				"west": {"uv": [0, 6.5, 0.33333, 9.5], "rotation": 90, "texture": "#texture"},
				"up": {"uv": [0, 9.5, 2, 6.5], "texture": "#texture"},
				"down": {"uv": [2, 9.5, 4, 6.5], "texture": "#texture"}
			}
		},
		{
			"name": "arm",
			"from": [7, 1, 13],
			"to": [9, 8, 14],
			"rotation": {"angle": -22.5, "axis": "x", "origin": [7, 1, 14]},
			"faces": {
				"north": {"uv": [11.33333, 0, 12, 3.5], "texture": "#texture"},
				"east": {"uv": [11.66667, 0, 11.33333, 3.5], "texture": "#texture"},
				"south": {"uv": [12, 0, 11.33333, 3.5], "texture": "#texture"},
				"west": {"uv": [12, 0, 11.66667, 3.5], "texture": "#texture"},
				"up": {"uv": [12, 0.5, 11.33333, 0], "texture": "#texture"}
			}
		},
		{
			"name": "keyboard",
			"from": [1, 0, 3],
			"to": [12, 1, 8],
			"rotation": {"angle": 0, "axis": "y", "origin": [0, 0, 16]},
			"faces": {
				"north": {"uv": [8, 8.5, 4.33333, 9], "texture": "#texture"},
				"east": {"uv": [7.66667, 9, 8, 6.5], "rotation": 90, "texture": "#texture"},
				"south": {"uv": [8, 6.5, 4.33333, 7], "texture": "#texture"},
				"west": {"uv": [4.33333, 6.5, 4.66667, 9], "rotation": 90, "texture": "#texture"},
				"up": {"uv": [4.33333, 9, 8, 6.5], "texture": "#texture"},
				"down": {"uv": [8, 9, 11.66667, 6.5], "texture": "#texture"}
			}
		},
		{
			"name": "mouse",
			"from": [13, 0, 4],
			"to": [15, 1, 7],
			"rotation": {"angle": 0, "axis": "y", "origin": [0, 0, 16]},
			"faces": {
				"north": {"uv": [12, 5, 11.33333, 5.5], "texture": "#texture"},
				"east": {"uv": [11.66667, 5.5, 12, 4], "rotation": 90, "texture": "#texture"},
				"south": {"uv": [11.33333, 4, 12, 4.5], "texture": "#texture"},
				"west": {"uv": [11.33333, 5.5, 11.66667, 4], "rotation": 90, "texture": "#texture"},
				"up": {"uv": [11.33333, 5.5, 12, 4], "texture": "#texture"},
				"down": {"uv": [12, 5.5, 12.66667, 4], "texture": "#texture"}
			}
		}
	],
	"gui_light": "front",
	"display": {
		"thirdperson_righthand": {
			"rotation": [-15, -45, 0],
			"translation": [0, 2.5, 1.5],
			"scale": [0.5, 0.5, 0.5]
		},
		"thirdperson_lefthand": {
			"rotation": [-15, -45, 0],
			"translation": [0, 2.5, 1.5],
			"scale": [0.5, 0.5, 0.5]
		},
		"firstperson_righthand": {
			"rotation": [0, -45, 0],
			"translation": [0, 5.5, 0],
			"scale": [0.75, 0.75, 0.75]
		},
		"firstperson_lefthand": {
			"rotation": [0, -45, 0],
			"translation": [0, 5.5, 0],
			"scale": [0.75, 0.75, 0.75]
		},
		"ground": {
			"translation": [0, 4, 0],
			"scale": [0.75, 0.75, 0.75]
		},
		"gui": {
			"rotation": [30, -45, 0],
			"translation": [0, 0.5, 0],
			"scale": [0.75, 0.75, 0.75]
		},
		"fixed": {
			"rotation": [-90, -180, 0],
			"translation": [0, 0, -15.98],
			"scale": [2, 2, 2]
		}
	}
}