{
	"credit": "Made by betaklerik with Blockbench",
	"texture_size": [32, 16],
	"textures": {
		"2": "item/diamond/sofas/rightsofas/sofa_black"
	},
	"elements": [
		{
			"name": "Box1",
			"from": [0, 8, 11],
			"to": [16, 17, 16],
			"rotation": {"angle": 0, "axis": "y", "origin": [0, 0, 16]},
			"faces": {
				"north": {"uv": [8, 2, 0, 11], "texture": "#2"},
				"east": {"uv": [8, 2, 5.5, 11], "texture": "#2"},
				"south": {"uv": [8, 2, 0, 11], "texture": "#2"},
				"west": {"uv": [2.5, 2, 0, 11], "texture": "#2"},
				"up": {"uv": [0, 5, 8, 0], "texture": "#2"}
			}
		},
		{
			"name": "Box2",
			"from": [0, 3, 0],
			"to": [16, 8, 16],
			"rotation": {"angle": 0, "axis": "y", "origin": [0, 0, 16]},
			"faces": {
				"north": {"uv": [8, 11, 0, 16], "texture": "#2"},
				"east": {"uv": [8, 11, 0, 16], "texture": "#2"},
				"south": {"uv": [8, 11, 0, 16], "texture": "#2"},
				"west": {"uv": [8, 11, 0, 16], "texture": "#2"},
				"up": {"uv": [8, 0, 0, 16], "rotation": 90, "texture": "#2"},
				"down": {"uv": [8, 0, 0, 16], "rotation": 90, "texture": "#2"}
			}
		},
		{
			"name": "leg",
			"from": [0, 0, 0],
			"to": [3, 3, 3],
			"rotation": {"angle": 0, "axis": "y", "origin": [0, 0, 16]},
			"faces": {
				"north": {"uv": [10, 13, 11.5, 16], "texture": "#2"},
				"east": {"uv": [14.5, 13, 16, 16], "texture": "#2"},
				"south": {"uv": [14.5, 13, 13, 16], "texture": "#2"},
				"west": {"uv": [11.5, 13, 13, 16], "texture": "#2"},
				"down": {"uv": [13, 13, 14.5, 10], "texture": "#2"}
			}
		},
		{
			"name": "leg",
			"from": [13, 0, 0],
			"to": [16, 3, 3],
			"rotation": {"angle": 0, "axis": "y", "origin": [0, 0, 16]},
			"faces": {
				"north": {"uv": [11.5, 13, 10, 16], "texture": "#2"},
				"east": {"uv": [13, 13, 11.5, 16], "texture": "#2"},
				"south": {"uv": [13, 13, 14.5, 16], "texture": "#2"},
				"west": {"uv": [16, 13, 14.5, 16], "texture": "#2"},
				"down": {"uv": [13, 13, 14.5, 10], "texture": "#2"}
			}
		},
		{
			"name": "leg",
			"from": [13, 0, 13],
			"to": [16, 3, 16],
			"rotation": {"angle": 0, "axis": "y", "origin": [0, 0, 16]},
			"faces": {
				"north": {"uv": [16, 13, 14.5, 16], "texture": "#2"},
				"east": {"uv": [11.5, 13, 10, 16], "texture": "#2"},
				"south": {"uv": [13, 13, 11.5, 16], "texture": "#2"},
				"west": {"uv": [13, 13, 14.5, 16], "texture": "#2"},
				"down": {"uv": [14.5, 10, 13, 13], "rotation": 90, "texture": "#2"}
			}
		},
		{
			"name": "leg",
			"from": [0, 0, 13],
			"to": [3, 3, 16],
			"rotation": {"angle": 0, "axis": "y", "origin": [0, 0, 16]},
			"faces": {
				"north": {"uv": [14.5, 13, 16, 16], "texture": "#2"},
				"east": {"uv": [14.5, 13, 13, 16], "texture": "#2"},
				"south": {"uv": [11.5, 13, 13, 16], "texture": "#2"},
				"west": {"uv": [10, 13, 11.5, 16], "texture": "#2"},
				"down": {"uv": [14.5, 10, 13, 13], "rotation": 270, "texture": "#2"}
			}
		},
		{
			"name": "armr1",
			"from": [-1, 8, 0],
			"to": [3, 12, 11],
			"rotation": {"angle": 0, "axis": "y", "origin": [0, 0, 16]},
			"faces": {
				"north": {"uv": [2, 6, 0, 10], "texture": "#2"},
				"east": {"uv": [8, 7, 2.5, 11], "texture": "#2"},
				"south": {"uv": [2, 6, 0, 10], "texture": "#2"},
				"west": {"uv": [8, 7, 2.5, 11], "texture": "#2"},
				"up": {"uv": [2.5, 0, 8, 4], "rotation": 90, "texture": "#2"},
				"down": {"uv": [2.5, 0, 8, 4], "rotation": 90, "texture": "#2"}
			}
		}
	],
	"display": {
		"thirdperson_righthand": {
			"rotation": [35, -45, 0],
			"translation": [0, 3, 0],
			"scale": [0.5, 0.5, 0.5]
		},
		"thirdperson_lefthand": {
			"rotation": [35, -45, 0],
			"translation": [0, 3, 0],
			"scale": [0.5, 0.5, 0.5]
		},
		"firstperson_righthand": {
			"rotation": [0, -65, 0],
			"translation": [0, 2, 0],
			"scale": [0.75, 0.75, 0.75]
		},
		"firstperson_lefthand": {
			"rotation": [0, -65, 0],
			"translation": [0, 2, 0],
			"scale": [0.75, 0.75, 0.75]
		},
		"ground": {
			"translation": [0, 2, 0],
			"scale": [0.5, 0.5, 0.5]
		},
		"gui": {
			"rotation": [30, 45, 0],
			"translation": [0, -0.25, 0],
			"scale": [0.6, 0.6, 0.6]
		},
		"head": {
			"rotation": [0, 180, 0]
		},
		"fixed": {
			"rotation": [-90, 180, 0],
			"translation": [0, 0, -16],
			"scale": [2, 2, 2]
		}
	}
}