{
  "credit" : "Made by betaklerik with Blockbench",
  "ambientocclusion" : false,
  "texture_size" : [ 16, 32 ],
  "textures" : {
    "texture" : "minecraft:item/diamond/wall_mirrors/acacia_mirror"
  },
  "elements" : [ {
    "from" : [ 0, 0, 8 ],
    "to" : [ 16, 22, 9 ],
    "faces" : {
      "north" : {
        "uv" : [ 0, 0, 16, 11 ],
        "texture" : "#texture"
      },
      "east" : {
        "uv" : [ 15, 0, 16, 11 ],
        "texture" : "#texture"
      },
      "south" : {
        "uv" : [ 0, 0, 16, 11 ],
        "texture" : "#texture"
      },
      "west" : {
        "uv" : [ 0, 0, 1, 11 ],
        "texture" : "#texture"
      },
      "up" : {
        "uv" : [ 0, 0, 16, 0.5 ],
        "texture" : "#texture"
      },
      "down" : {
        "uv" : [ 0, 10.5, 16, 11 ],
        "texture" : "#texture"
      }
    }
  } ],
  "gui_light" : "front",
  "display" : {
    "thirdperson_righthand" : {
      "rotation" : [ 15, -45, 0 ],
      "translation" : [ 1, 0, 1 ],
      "scale" : [ 0.5, 0.5, 0.5 ]
    },
    "thirdperson_lefthand" : {
      "rotation" : [ 15, -45, 0 ],
      "translation" : [ 1, 0, 1 ],
      "scale" : [ 0.5, 0.5, 0.5 ]
    },
    "firstperson_righthand" : {
      "rotation" : [ -15, -45, 0 ],
      "scale" : [ 0.75, 0.75, 0.75 ]
    },
    "firstperson_lefthand" : {
      "rotation" : [ -15, -45, 0 ],
      "scale" : [ 0.75, 0.75, 0.75 ]
    },
    "ground" : {
      "translation" : [ 0, 1.5, 0 ],
      "scale" : [ 0.5, 0.5, 0.5 ]
    },
    "gui" : {
      "rotation" : [ 30, -45, 0 ],
      "translation" : [ 0, -1.5, 0 ],
      "scale" : [ 0.6, 0.6, 0.6 ]
    },
    "fixed" : {
      "translation" : [ 0, 0, -2 ],
      "scale" : [ 2, 2, 2 ]
    }
  }
}