{
  "credit" : "Made by betaklerik with Blockbench",
  "texture_size" : [ 16, 32 ],
  "textures" : {
    "texture" : "minecraft:item/diamond/planters/acacia_planter"
  },
  "elements" : [ {
    "name" : "nSide",
    "from" : [ 0, 0, -2 ],
    "to" : [ 16, 18, 0 ],
    "faces" : {
      "north" : {
        "uv" : [ 0, 7, 16, 16 ],
        "texture" : "#texture"
      },
      "east" : {
        "uv" : [ 0, 7, 2, 16 ],
        "texture" : "#texture"
      },
      "south" : {
        "uv" : [ 16, 7, 0, 16 ],
        "texture" : "#texture"
      },
      "west" : {
        "uv" : [ 16, 7, 14, 16 ],
        "texture" : "#texture"
      },
      "up" : {
        "uv" : [ 0, 1, 16, 2 ],
        "rotation" : 180,
        "texture" : "#texture"
      },
      "down" : {
        "uv" : [ 16, 2, 0, 3 ],
        "texture" : "#texture"
      }
    }
  }, {
    "name" : "wSide",
    "from" : [ 16, 0, 0 ],
    "to" : [ 18, 18, 16 ],
    "faces" : {
      "north" : {
        "uv" : [ 16, 7, 14, 16 ],
        "texture" : "#texture"
      },
      "east" : {
        "uv" : [ 0, 7, 16, 16 ],
        "texture" : "#texture"
      },
      "south" : {
        "uv" : [ 2, 7, 0, 16 ],
        "texture" : "#texture"
      },
      "west" : {
        "uv" : [ 16, 7, 0, 16 ],
        "texture" : "#texture"
      },
      "up" : {
        "uv" : [ 0, 1, 16, 2 ],
        "rotation" : 270,
        "texture" : "#texture"
      },
      "down" : {
        "uv" : [ 0, 2, 16, 3 ],
        "rotation" : 90,
        "texture" : "#texture"
      }
    }
  }, {
    "name" : "sSide",
    "from" : [ 0, 0, 16 ],
    "to" : [ 16, 18, 18 ],
    "faces" : {
      "north" : {
        "uv" : [ 16, 7, 0, 16 ],
        "texture" : "#texture"
      },
      "east" : {
        "uv" : [ 16, 7, 14, 16 ],
        "texture" : "#texture"
      },
      "south" : {
        "uv" : [ 0, 7, 16, 16 ],
        "texture" : "#texture"
      },
      "west" : {
        "uv" : [ 2, 7, 0, 16 ],
        "texture" : "#texture"
      },
      "up" : {
        "uv" : [ 0, 1, 16, 2 ],
        "texture" : "#texture"
      },
      "down" : {
        "uv" : [ 0, 2, 16, 3 ],
        "texture" : "#texture"
      }
    }
  }, {
    "name" : "eSide",
    "from" : [ -2, 0, 0 ],
    "to" : [ 0, 18, 16 ],
    "faces" : {
      "north" : {
        "uv" : [ 2, 7, 0, 16 ],
        "texture" : "#texture"
      },
      "east" : {
        "uv" : [ 16, 7, 0, 16 ],
        "texture" : "#texture"
      },
      "south" : {
        "uv" : [ 16, 7, 14, 16 ],
        "texture" : "#texture"
      },
      "west" : {
        "uv" : [ 0, 7, 16, 16 ],
        "texture" : "#texture"
      },
      "up" : {
        "uv" : [ 0, 1, 16, 2 ],
        "rotation" : 90,
        "texture" : "#texture"
      },
      "down" : {
        "uv" : [ 0, 2, 16, 3 ],
        "rotation" : 270,
        "texture" : "#texture"
      }
    }
  } ],
  "display" : {
    "thirdperson_righthand" : {
      "rotation" : [ 25, 55, 0 ],
      "translation" : [ 0.5, 1, -1.5 ],
      "scale" : [ 0.5, 0.5, 0.5 ]
    },
    "thirdperson_lefthand" : {
      "rotation" : [ 25, 55, 0 ],
      "translation" : [ 0.5, 1, -1.5 ],
      "scale" : [ 0.5, 0.5, 0.5 ]
    },
    "firstperson_righthand" : {
      "rotation" : [ 25, 45, 0 ],
      "scale" : [ 0.75, 0.75, 0.75 ]
    },
    "firstperson_lefthand" : {
      "rotation" : [ 25, 45, 0 ],
      "scale" : [ 0.75, 0.75, 0.75 ]
    },
    "ground" : {
      "translation" : [ 0, 2, 0 ],
      "scale" : [ 0.5, 0.5, 0.5 ]
    },
    "gui" : {
      "rotation" : [ 30, 45, 0 ],
      "translation" : [ 0, -0.5, 0 ],
      "scale" : [ 0.55, 0.55, 0.55 ]
    },
    "fixed" : {
      "translation" : [ 0, 0, 16 ],
      "scale" : [ 2, 2, 2 ]
    }
  }
}